{
  "hash": "1cbe8311",
  "configHash": "47daf9d7",
  "lockfileHash": "ccad4695",
  "browserHash": "93f25ac4",
  "optimized": {
    "@angular/common": {
      "src": "../../../../../../node_modules/@angular/common/fesm2022/common.mjs",
      "file": "@angular_common.js",
      "fileHash": "ae8f4353",
      "needsInterop": false
    },
    "@angular/common/http": {
      "src": "../../../../../../node_modules/@angular/common/fesm2022/http.mjs",
      "file": "@angular_common_http.js",
      "fileHash": "91d892f6",
      "needsInterop": false
    },
    "@angular/core": {
      "src": "../../../../../../node_modules/@angular/core/fesm2022/core.mjs",
      "file": "@angular_core.js",
      "fileHash": "7d377ca6",
      "needsInterop": false
    },
    "@angular/forms": {
      "src": "../../../../../../node_modules/@angular/forms/fesm2022/forms.mjs",
      "file": "@angular_forms.js",
      "fileHash": "de9d3d63",
      "needsInterop": false
    },
    "@angular/platform-browser": {
      "src": "../../../../../../node_modules/@angular/platform-browser/fesm2022/platform-browser.mjs",
      "file": "@angular_platform-browser.js",
      "fileHash": "12d6ee97",
      "needsInterop": false
    },
    "@angular/router": {
      "src": "../../../../../../node_modules/@angular/router/fesm2022/router.mjs",
      "file": "@angular_router.js",
      "fileHash": "e950eb95",
      "needsInterop": false
    }
  },
  "chunks": {
    "chunk-VPXJGRUF": {
      "file": "chunk-VPXJGRUF.js"
    },
    "chunk-AIRIEBLI": {
      "file": "chunk-AIRIEBLI.js"
    },
    "chunk-ENLQZX55": {
      "file": "chunk-ENLQZX55.js"
    },
    "chunk-VV3Y44W4": {
      "file": "chunk-VV3Y44W4.js"
    },
    "chunk-MHVRFEGU": {
      "file": "chunk-MHVRFEGU.js"
    }
  }
}