{
  "hash": "84c1a2b5",
  "configHash": "41dd8fac",
  "lockfileHash": "d8d09d9d",
  "browserHash": "10a0c9d5",
  "optimized": {
    "@angular/common": {
      "src": "../../../../../../node_modules/@angular/common/fesm2022/common.mjs",
      "file": "@angular_common.js",
      "fileHash": "6dbefe19",
      "needsInterop": false
    },
    "@angular/core": {
      "src": "../../../../../../node_modules/@angular/core/fesm2022/core.mjs",
      "file": "@angular_core.js",
      "fileHash": "591dbaf2",
      "needsInterop": false
    },
    "@angular/forms": {
      "src": "../../../../../../node_modules/@angular/forms/fesm2022/forms.mjs",
      "file": "@angular_forms.js",
      "fileHash": "0a71dff4",
      "needsInterop": false
    },
    "@angular/platform-browser": {
      "src": "../../../../../../node_modules/@angular/platform-browser/fesm2022/platform-browser.mjs",
      "file": "@angular_platform-browser.js",
      "fileHash": "0ad22504",
      "needsInterop": false
    },
    "@angular/router": {
      "src": "../../../../../../node_modules/@angular/router/fesm2022/router.mjs",
      "file": "@angular_router.js",
      "fileHash": "f95df64a",
      "needsInterop": false
    }
  },
  "chunks": {
    "chunk-JXLW4TDC": {
      "file": "chunk-JXLW4TDC.js"
    },
    "chunk-QBMZCO3I": {
      "file": "chunk-QBMZCO3I.js"
    },
    "chunk-RBJASJIM": {
      "file": "chunk-RBJASJIM.js"
    }
  }
}